{
    "live_kriging_config": {
        "BOUNDING_BOX": [
            [
                48.7,
                9.3
            ],
            [
                48.6,
                9.4
            ]
        ],
        "DISTANCE_BINS": 1500,
        "MAX_RANGE": 10000,
        "TARGET_GRID": 1000
    },
    "validate_kriging_config": {
        "CROSS_VALIDATION_FOLDS": 2,
        "EXECUTION_MODE": "live-data",
        "PARAMS_DB": {
            "BOUNDING_BOX": [
                [
                    [
                        48.817625,
                        9.13224
                    ],
                    [
                        48.688466,
                        9.256419
                    ]
                ]
            ],
            "DISTANCE_BINS": [
                500,
                1000,
                1500
            ],
            "MAX_RANGE": [
                5000,
                10000
            ],
            "TIMESTAMP": [
                "2019-04-22 19:28:01"
            ]
        },
        "PARAMS_LIVE": {
            "BOUNDING_BOX": [
                [
                    [
                        48.817625,
                        9.13224
                    ],
                    [
                        48.688466,
                        9.256419
                    ]
                ]
            ],
            "DISTANCE_BINS": [
                500,
                1000,
                1500
            ],
            "MAX_RANGE": [
                5000,
                10000
            ]
        }
    }
}